ticker,tag
24CS,"['MAI', 'PROPCON-m', 'PROPCON-ms']"
2S,"['INDUS', 'STEEL']"
BAT,"['INDUS', 'AUTO']"
7UP,"['RESOURC', 'ENERG']"
A,"['PROPCON', 'PROP']"
A5,"['MAI', 'PROPCON-m', 'PROPCON-ms']"
AAI,"['AGRO', 'FOOD']"
AAV,"['SERVICE', 'TRANS', 'SET100']"
ABM,"['MAI', 'RESOURC-m', 'RESOURC-ms']"
ACAP,"['MAI', 'FINCIAL-m', 'FINCIAL-ms']"
ACC,"['RESOURC', 'ENERG']"
ACE,"['RESOURC', 'ENERG', 'SET100']"
ACG,"['INDUS', 'AUTO']"
ADB,"['MAI', 'INDUS-m', 'INDUS-ms']"
ADD,"['MAI', 'SERVICE-m', 'SERVICE-ms']"
ADVANC,"['TECH', 'ICT', 'SET50', 'SET100', 'SETHD']"
AEONTS,"['FINCIAL', 'FIN']"
AF,"['MAI', 'FINCIAL-m', 'FINCIAL-ms']"
AFC,"['CONSUMP', 'FASHION']"
AGE,"['RESOURC', 'ENERG']"
AH,"['INDUS', 'AUTO']"
AHC,"['SERVICE', 'HELTH']"
AI,"['RESOURC', 'ENERG']"
AIE,"['RESOURC', 'ENERG']"
AIRA,"['MAI', 'FINCIAL-m', 'FINCIAL-ms']"
AIT,"['TECH', 'ICT']"
AJ,"['INDUS', 'PKG']"
AJA,"['CONSUMP', 'HOME']"
AKP,"['MAI', 'SERVICE-m', 'SERVICE-ms']"
AKR,"['RESOURC', 'ENERG']"
ALL,"['MAI', 'PROPCON-m', 'PROPCON-ms']"
ALLA,"['INDUS', 'IMM']"
ALPHAX,"['MAI', 'CONSUMP-m', 'CONSUMP-ms']"
ALT,"['TECH', 'ICT']"
ALUCON,"['INDUS', 'PKG']"
AMA,"['MAI', 'SERVICE-m', 'SERVICE-ms']"
AMANAH,"['FINCIAL', 'FIN']"
AMARC,"['MAI', 'SERVICE-m', 'SERVICE-ms']"
AMARIN,"['SERVICE', 'MEDIA']"
AMATA,"['PROPCON', 'PROP', 'SET100']"
AMATAV,"['PROPCON', 'PROP']"
AMC,"['INDUS', 'STEEL']"
AMR,"['TECH', 'ICT']"
ANAN,"['PROPCON', 'PROP']"
AOT,"['SERVICE', 'TRANS', 'SET50', 'SET100']"
AP,"['PROPCON', 'PROP', 'SET100', 'SETHD']"
APCO,"['CONSUMP', 'PERSON']"
APCS,"['PROPCON', 'CONS']"
APEX,"['PROPCON', 'PROP']"
APP,"['MAI', 'TECH-m', 'TECH-ms']"
APURE,"['AGRO', 'FOOD']"
AQ,"['PROPCON', 'PROP']"
AQUA,"['SERVICE', 'MEDIA']"
ARIN,"['MAI', 'PROPCON-m', 'PROPCON-ms']"
ARIP,"['MAI', 'SERVICE-m', 'SERVICE-ms']"
ARROW,"['MAI', 'PROPCON-m', 'PROPCON-ms']"
AS,"['SERVICE', 'MEDIA']"
ASAP,"['FINCIAL', 'FIN']"
ASEFA,"['INDUS', 'IMM']"
ASIA,"['SERVICE', 'TOURISM']"
ASIAN,"['AGRO', 'FOOD']"
ASIMAR,"['SERVICE', 'TRANS']"
ASK,"['FINCIAL', 'FIN']"
ASN,"['MAI', 'FINCIAL-m', 'FINCIAL-ms']"
ASP,"['FINCIAL', 'FIN']"
ASW,"['PROPCON', 'PROP']"
ATP30,"['MAI', 'SERVICE-m', 'SERVICE-ms']"
AU,"['MAI', 'AGRO-m', 'AGRO-ms']"
AUCT,"['MAI', 'SERVICE-m', 'SERVICE-ms']"
AURA,"['CONSUMP', 'FASHION']"
AWC,"['PROPCON', 'PROP', 'SET50', 'SET100']"
AYUD,"['FINCIAL', 'INSUR']"
B,"['SERVICE', 'TRANS']"
B52,"['SERVICE', 'COMM']"
BA,"['SERVICE', 'TRANS']"
BAFS,"['RESOURC', 'ENERG']"
BAM,"['FINCIAL', 'FIN', 'SET100']"
BANPU,"['RESOURC', 'ENERG', 'SET50', 'SET100']"
BAY,"['FINCIAL', 'BANK']"
BBGI,"['RESOURC', 'ENERG']"
BBIK,"['MAI', 'TECH-m', 'TECH-ms']"
BBL,"['FINCIAL', 'BANK', 'SET50', 'SET100', 'SETHD']"
BC,"['MAI', 'PROPCON-m', 'PROPCON-ms']"
BCH,"['SERVICE', 'HELTH', 'SET100', 'SETHD']"
BCP,"['RESOURC', 'ENERG', 'SET100']"
BCPG,"['RESOURC', 'ENERG', 'SET100', 'SETHD']"
BCT,"['INDUS', 'PETRO']"
BDMS,"['SERVICE', 'HELTH', 'SET50', 'SET100']"
BE8,"['MAI', 'TECH-m', 'TECH-ms']"
BEAUTY,"['SERVICE', 'COMM']"
BEC,"['SERVICE', 'MEDIA', 'SET100']"
BEM,"['SERVICE', 'TRANS', 'SET50', 'SET100']"
BEYOND,"['SERVICE', 'TOURISM']"
BGC,"['INDUS', 'PKG']"
BGRIM,"['RESOURC', 'ENERG', 'SET50', 'SET100']"
BGT,"['MAI', 'CONSUMP-m', 'CONSUMP-ms']"
BH,"['SERVICE', 'HELTH', 'SET50', 'SET100']"
BIG,"['SERVICE', 'COMM']"
BIOTEC,"['SERVICE', 'TRANS']"
BIS,"['MAI', 'SERVICE-m', 'SERVICE-ms']"
BIZ,"['CONSUMP', 'PERSON']"
BJC,"['SERVICE', 'COMM']"
BJCHI,"['PROPCON', 'CONS']"
BKD,"['PROPCON', 'CONS']"
BKI,"['FINCIAL', 'INSUR']"
BLA,"['FINCIAL', 'INSUR', 'SET100']"
BLAND,"['PROPCON', 'PROP']"
BLESS,"['MAI', 'PROPCON-m', 'PROPCON-ms']"
BLISS,"['TECH', 'ICT']"
BM,"['MAI', 'INDUS-m', 'INDUS-ms']"
BOL,"['MAI', 'SERVICE-m', 'SERVICE-ms']"
BPP,"['RESOURC', 'ENERG']"
BR,"['AGRO', 'FOOD']"
BRI,"['PROPCON', 'PROP']"
BROCK,"['PROPCON', 'PROP']"
BROOK,"['MAI', 'FINCIAL-m', 'FINCIAL-ms']"
BRR,"['AGRO', 'FOOD']"
BSBM,"['INDUS', 'STEEL']"
BSM,"['MAI', 'PROPCON-m', 'PROPCON-ms']"
BTG,"['AGRO', 'FOOD']"
BTNC,"['CONSUMP', 'FASHION']"
BTS,"['SERVICE', 'TRANS', 'SET50', 'SET100', 'SETHD']"
BTW,"['MAI', 'PROPCON-m', 'PROPCON-ms']"
BUI,"['FINCIAL', 'INSUR']"
BVG,"['MAI', 'TECH-m', 'TECH-ms']"
BWG,"['SERVICE', 'PROF']"
BYD,"['FINCIAL', 'FIN', 'SET100']"
CAZ,"['MAI', 'PROPCON-m', 'PROPCON-ms']"
CBG,"['AGRO', 'FOOD', 'SET50', 'SET100']"
CCET,"['TECH', 'ETRON']"
CCP,"['PROPCON', 'CONMAT']"
CEN,"['INDUS', 'STEEL']"
CENTEL,"['SERVICE', 'TOURISM', 'SET50', 'SET100']"
CEYE,"['MAI', 'SERVICE-m', 'SERVICE-ms']"
CFRESH,"['AGRO', 'FOOD']"
CGD,"['PROPCON', 'PROP']"
CGH,"['FINCIAL', 'FIN']"
CH,"['AGRO', 'FOOD']"
CHARAN,"['FINCIAL', 'INSUR']"
CHASE,"['FINCIAL', 'FIN']"
CHAYO,"['FINCIAL', 'FIN']"
CHEWA,"['MAI', 'PROPCON-m', 'PROPCON-ms']"
CHG,"['SERVICE', 'HELTH', 'SET100', 'SETHD']"
CHIC,"['MAI', 'SERVICE-m', 'SERVICE-ms']"
CHO,"['MAI', 'INDUS-m', 'INDUS-ms']"
CHOTI,"['AGRO', 'FOOD']"
CHOW,"['MAI', 'INDUS-m', 'INDUS-ms']"
CI,"['PROPCON', 'PROP']"
CIG,"['MAI', 'INDUS-m', 'INDUS-ms']"
CIMBT,"['FINCIAL', 'BANK']"
CITY,"['INDUS', 'STEEL']"
CIVIL,"['PROPCON', 'CONS']"
CK,"['PROPCON', 'CONS', 'SET100']"
CKP,"['RESOURC', 'ENERG', 'SET100']"
CM,"['AGRO', 'FOOD']"
CMAN,"['INDUS', 'PETRO']"
CMC,"['PROPCON', 'PROP']"
CMO,"['MAI', 'SERVICE-m', 'SERVICE-ms']"
CMR,"['SERVICE', 'HELTH']"
CNT,"['PROPCON', 'CONS']"
COLOR,"['MAI', 'INDUS-m', 'INDUS-ms']"
COM7,"['SERVICE', 'COMM', 'SET50', 'SET100']"
COMAN,"['MAI', 'TECH-m', 'TECH-ms']"
COTTO,"['PROPCON', 'CONMAT']"
CPALL,"['SERVICE', 'COMM', 'SET50', 'SET100']"
CPANEL,"['MAI', 'PROPCON-m', 'PROPCON-ms']"
CPF,"['AGRO', 'FOOD', 'SET50', 'SET100', 'SETHD']"
CPH,"['CONSUMP', 'FASHION']"
CPI,"['AGRO', 'FOOD']"
CPL,"['CONSUMP', 'FASHION']"
CPN,"['PROPCON', 'PROP', 'SET50', 'SET100']"
CPR,"['MAI', 'INDUS-m', 'INDUS-ms']"
CPT,"['INDUS', 'IMM']"
CPW,"['SERVICE', 'COMM']"
CRANE,"['INDUS', 'IMM']"
CRC,"['SERVICE', 'COMM', 'SET50', 'SET100']"
CRD,"['MAI', 'PROPCON-m', 'PROPCON-ms']"
CSC,"['INDUS', 'PKG']"
CSP,"['INDUS', 'STEEL']"
CSR,"['SERVICE', 'TOURISM']"
CSS,"['SERVICE', 'COMM']"
CTW,"['INDUS', 'IMM']"
CV,"['RESOURC', 'ENERG']"
CWT,"['INDUS', 'AUTO']"
D,"['MAI', 'SERVICE-m', 'SERVICE-ms']"
DCC,"['PROPCON', 'CONMAT']"
DCON,"['PROPCON', 'CONMAT']"
DDD,"['CONSUMP', 'PERSON']"
DELTA,"['TECH', 'ETRON', 'SET50', 'SET100']"
DEMCO,"['RESOURC', 'ENERG']"
DEXON,"['MAI', 'SERVICE-m', 'SERVICE-ms']"
DHOUSE,"['MAI', 'PROPCON-m', 'PROPCON-ms']"
DIMET,"['MAI', 'PROPCON-m', 'PROPCON-ms']"
DITTO,"['MAI', 'TECH-m', 'TECH-ms']"
DMT,"['SERVICE', 'TRANS']"
DOD,"['MAI', 'CONSUMP-m', 'CONSUMP-ms']"
DOHOME,"['SERVICE', 'COMM', 'SET100']"
DPAINT,"['MAI', 'PROPCON-m', 'PROPCON-ms']"
DRT,"['PROPCON', 'CONMAT']"
DTCENT,"['TECH', 'ICT']"
DTCI,"['CONSUMP', 'HOME']"
DUSIT,"['SERVICE', 'TOURISM']"
DV8,"['MAI', 'SERVICE-m', 'SERVICE-ms']"
EA,"['RESOURC', 'ENERG', 'SET50', 'SET100']"
EASON,"['INDUS', 'AUTO']"
EASTW,"['RESOURC', 'ENERG']"
ECF,"['MAI', 'CONSUMP-m', 'CONSUMP-ms']"
ECL,"['FINCIAL', 'FIN']"
EE,"['AGRO', 'AGRI']"
EFORL,"['MAI', 'CONSUMP-m', 'CONSUMP-ms']"
EGCO,"['RESOURC', 'ENERG', 'SET50', 'SET100', 'SETHD']"
EKH,"['SERVICE', 'HELTH']"
EMC,"['PROPCON', 'CONS']"
EP,"['RESOURC', 'ENERG']"
EPG,"['PROPCON', 'CONMAT', 'SET100']"
ERW,"['SERVICE', 'TOURISM']"
ESSO,"['RESOURC', 'ENERG', 'SET100']"
ESTAR,"['PROPCON', 'PROP']"
ETC,"['RESOURC', 'ENERG']"
ETE,"['MAI', 'SERVICE-m', 'SERVICE-ms']"
EVER,"['PROPCON', 'PROP']"
D,"['AGRO', 'FOOD']"
FANCY,"['CONSUMP', 'HOME']"
FE,"['SERVICE', 'MEDIA']"
FLOYD,"['MAI', 'PROPCON-m', 'PROPCON-ms']"
FMT,"['INDUS', 'IMM']"
FN,"['SERVICE', 'COMM']"
FNS,"['FINCIAL', 'FIN']"
FORTH,"['TECH', 'ICT', 'SET100']"
FPI,"['MAI', 'INDUS-m', 'INDUS-ms']"
FPT,"['PROPCON', 'PROP']"
FSMART,"['MAI', 'SERVICE-m', 'SERVICE-ms']"
FSS,"['FINCIAL', 'FIN']"
FTE,"['SERVICE', 'COMM']"
FTI,"['CONSUMP', 'HOME']"
FVC,"['MAI', 'SERVICE-m', 'SERVICE-ms']"
GBX,"['FINCIAL', 'FIN']"
GC,"['INDUS', 'PETRO']"
GCAP,"['MAI', 'FINCIAL-m', 'FINCIAL-ms']"
GEL,"['PROPCON', 'CONMAT']"
GENCO,"['SERVICE', 'PROF']"
GFPT,"['AGRO', 'AGRI']"
GGC,"['INDUS', 'PETRO']"
GIFT,"['INDUS', 'PETRO']"
GJS,"['INDUS', 'STEEL']"
GL,"['FINCIAL', 'FIN']"
GLAND,"['PROPCON', 'PROP']"
GLOBAL,"['SERVICE', 'COMM', 'SET50', 'SET100']"
GLOCON,"['AGRO', 'FOOD']"
GLORY,"['MAI', 'SERVICE-m', 'SERVICE-ms']"
GPI,"['SERVICE', 'MEDIA']"
GPSC,"['RESOURC', 'ENERG', 'SET50', 'SET100']"
GRAMMY,"['SERVICE', 'MEDIA']"
GRAND,"['SERVICE', 'TOURISM']"
GREEN,"['RESOURC', 'ENERG']"
GSC,"['MAI', 'SERVICE-m', 'SERVICE-ms']"
GSTEEL,"['INDUS', 'STEEL']"
GTB,"['MAI', 'INDUS-m', 'INDUS-ms']"
GTV,"['MAI', 'RESOURC-m', 'RESOURC-ms']"
GULF,"['RESOURC', 'ENERG', 'SET50', 'SET100']"
GUNKUL,"['RESOURC', 'ENERG', 'SET100', 'SETHD']"
GYT,"['INDUS', 'AUTO']"
HANA,"['TECH', 'ETRON', 'SET100', 'SETHD']"
HARN,"['MAI', 'SERVICE-m', 'SERVICE-ms']"
HEMP,"['MAI', 'SERVICE-m', 'SERVICE-ms']"
HENG,"['FINCIAL', 'FIN']"
HFT,"['INDUS', 'AUTO']"
HL,"['MAI', 'SERVICE-m', 'SERVICE-ms']"
HMPRO,"['SERVICE', 'COMM', 'SET50', 'SET100']"
HPT,"['MAI', 'CONSUMP-m', 'CONSUMP-ms']"
HTC,"['AGRO', 'FOOD']"
HTECH,"['INDUS', 'IMM']"
HUMAN,"['TECH', 'ICT']"
HYDRO,"['MAI', 'PROPCON-m', 'PROPCON-ms']"
ICC,"['SERVICE', 'COMM']"
ICHI,"['AGRO', 'FOOD']"
ICN,"['MAI', 'TECH-m', 'TECH-ms']"
IFEC,"['RESOURC', 'ENERG']"
IFS,"['FINCIAL', 'FIN']"
IHL,"['INDUS', 'AUTO']"
IIG,"['MAI', 'TECH-m', 'TECH-ms']"
III,"['SERVICE', 'TRANS']"
ILINK,"['TECH', 'ICT']"
ILM,"['SERVICE', 'COMM']"
IMH,"['MAI', 'SERVICE-m', 'SERVICE-ms']"
IND,"['MAI', 'PROPCON-m', 'PROPCON-ms']"
INET,"['TECH', 'ICT']"
INGRS,"['INDUS', 'AUTO']"
INOX,"['INDUS', 'STEEL']"
INSET,"['TECH', 'ICT']"
INSURE,"['FINCIAL', 'INSUR']"
INTUCH,"['TECH', 'ICT', 'SET50', 'SET100', 'SETHD']"
IP,"['MAI', 'CONSUMP-m', 'CONSUMP-ms']"
IRC,"['INDUS', 'AUTO']"
IRCP,"['MAI', 'TECH-m', 'TECH-ms']"
IRPC,"['RESOURC', 'ENERG', 'SET100']"
IT,"['SERVICE', 'COMM']"
ITC,"['AGRO', 'FOOD']"
ITD,"['PROPCON', 'CONS']"
ITEL,"['TECH', 'ICT']"
ITNS,"['MAI', 'TECH-m', 'TECH-ms']"
ITTHI,"['MAI', 'CONSUMP-m', 'CONSUMP-ms']"
IVL,"['INDUS', 'PETRO', 'SET50', 'SET100']"
J,"['PROPCON', 'PROP']"
JAK,"['MAI', 'PROPCON-m', 'PROPCON-ms']"
JAS,"['TECH', 'ICT', 'SET100']"
JCK,"['PROPCON', 'PROP']"
JCKH,"['MAI', 'AGRO-m', 'AGRO-ms']"
JCT,"['CONSUMP', 'PERSON']"
JDF,"['AGRO', 'FOOD']"
JKN,"['SERVICE', 'MEDIA']"
JMART,"['TECH', 'ICT', 'SET50', 'SET100']"
JMT,"['FINCIAL', 'FIN', 'SET50', 'SET100']"
JR,"['RESOURC', 'ENERG']"
JSP,"['MAI', 'CONSUMP-m', 'CONSUMP-ms']"
JTS,"['TECH', 'ICT']"
JUBILE,"['MAI', 'CONSUMP-m', 'CONSUMP-ms']"
K,"['MAI', 'PROPCON-m', 'PROPCON-ms']"
KAMART,"['SERVICE', 'COMM']"
KASET,"['MAI', 'AGRO-m', 'AGRO-ms']"
KBANK,"['FINCIAL', 'BANK', 'SET50', 'SET100']"
KBS,"['AGRO', 'FOOD']"
KC,"['PROPCON', 'PROP']"
KCAR,"['FINCIAL', 'FIN']"
KCC,"['MAI', 'FINCIAL-m', 'FINCIAL-ms']"
KCE,"['TECH', 'ETRON', 'SET100']"
KCM,"['MAI', 'INDUS-m', 'INDUS-ms']"
KDH,"['SERVICE', 'HELTH']"
KEX,"['SERVICE', 'TRANS', 'SET100']"
KGEN,"['MAI', 'SERVICE-m', 'SERVICE-ms']"
KGI,"['FINCIAL', 'FIN']"
KIAT,"['SERVICE', 'TRANS']"
KISS,"['CONSUMP', 'PERSON']"
KJL,"['MAI', 'INDUS-m', 'INDUS-ms']"
KK,"['MAI', 'SERVICE-m', 'SERVICE-ms']"
KKC,"['INDUS', 'IMM']"
KKP,"['FINCIAL', 'BANK', 'SET100', 'SETHD']"
KLINIQ,"['MAI', 'SERVICE-m', 'SERVICE-ms']"
KOOL,"['MAI', 'SERVICE-m', 'SERVICE-ms']"
KSL,"['AGRO', 'FOOD']"
KTB,"['FINCIAL', 'BANK', 'SET50', 'SET100', 'SETHD']"
KTC,"['FINCIAL', 'FIN', 'SET50', 'SET100']"
KTIS,"['AGRO', 'FOOD']"
KTMS,"['MAI', 'SERVICE-m', 'SERVICE-ms']"
KUMWEL,"['MAI', 'INDUS-m', 'INDUS-ms']"
KUN,"['MAI', 'PROPCON-m', 'PROPCON-ms']"
KWC,"['SERVICE', 'TRANS']"
KWI,"['FINCIAL', 'INSUR']"
KWM,"['MAI', 'INDUS-m', 'INDUS-ms']"
KYE,"['CONSUMP', 'HOME']"
E,"['CONSUMP', 'HOME']"
LALIN,"['PROPCON', 'PROP']"
LANNA,"['RESOURC', 'ENERG']"
LDC,"['MAI', 'SERVICE-m', 'SERVICE-ms']"
LEE,"['AGRO', 'AGRI']"
LEO,"['MAI', 'SERVICE-m', 'SERVICE-ms']"
LH,"['PROPCON', 'PROP', 'SET50', 'SET100', 'SETHD']"
LHFG,"['FINCIAL', 'BANK']"
LHK,"['INDUS', 'STEEL']"
LIT,"['MAI', 'FINCIAL-m', 'FINCIAL-ms']"
LOXLEY,"['SERVICE', 'COMM']"
LPH,"['SERVICE', 'HELTH']"
LPN,"['PROPCON', 'PROP']"
LRH,"['SERVICE', 'TOURISM']"
LST,"['AGRO', 'FOOD']"
M,"['AGRO', 'FOOD']"
CHAI,"['SERVICE', 'HELTH']"
MACO,"['SERVICE', 'MEDIA']"
MAJOR,"['SERVICE', 'MEDIA']"
MAKRO,"['SERVICE', 'COMM']"
MALEE,"['AGRO', 'FOOD']"
MANRIN,"['SERVICE', 'TOURISM']"
MASTER,"['MAI', 'SERVICE-m', 'SERVICE-ms']"
MATCH,"['SERVICE', 'MEDIA']"
MATI,"['SERVICE', 'MEDIA']"
MAX,"['AGRO', 'AGRI']"
MBAX,"['MAI', 'INDUS-m', 'INDUS-ms']"
MBK,"['PROPCON', 'PROP']"
MC,"['SERVICE', 'COMM']"
MCOT,"['SERVICE', 'MEDIA']"
MCS,"['INDUS', 'STEEL']"
MDX,"['RESOURC', 'ENERG']"
MEB,"['MAI', 'SERVICE-m', 'SERVICE-ms']"
MEGA,"['SERVICE', 'COMM', 'SET100']"
MENA,"['SERVICE', 'TRANS']"
META,"['MAI', 'PROPCON-m', 'PROPCON-ms']"
METCO,"['TECH', 'ETRON']"
MFC,"['FINCIAL', 'FIN']"
MFEC,"['TECH', 'ICT']"
MGT,"['MAI', 'INDUS-m', 'INDUS-ms']"
MICRO,"['FINCIAL', 'FIN']"
MIDA,"['SERVICE', 'COMM']"
MILL,"['INDUS', 'STEEL']"
MINT,"['AGRO', 'FOOD', 'SET50', 'SET100']"
MITSIB,"['MAI', 'FINCIAL-m', 'FINCIAL-ms']"
MJD,"['PROPCON', 'PROP']"
MK,"['PROPCON', 'PROP']"
ML,"['FINCIAL', 'FIN']"
MODERN,"['CONSUMP', 'HOME']"
MONO,"['SERVICE', 'MEDIA']"
MOONG,"['MAI', 'CONSUMP-m', 'CONSUMP-ms']"
MORE,"['MAI', 'SERVICE-m', 'SERVICE-ms']"
MOSHI,"['SERVICE', 'COMM']"
MPIC,"['SERVICE', 'MEDIA']"
MSC,"['TECH', 'ICT']"
MST,"['FINCIAL', 'FIN']"
MTC,"['FINCIAL', 'FIN', 'SET50', 'SET100']"
MTI,"['FINCIAL', 'INSUR']"
MTW,"['MAI', 'INDUS-m', 'INDUS-ms']"
MUD,"['MAI', 'AGRO-m', 'AGRO-ms']"
MVP,"['MAI', 'SERVICE-m', 'SERVICE-ms']"
NATION,"['SERVICE', 'MEDIA']"
NC,"['CONSUMP', 'FASHION']"
NCAP,"['FINCIAL', 'FIN']"
NCH,"['PROPCON', 'PROP']"
NCL,"['MAI', 'SERVICE-m', 'SERVICE-ms']"
NDR,"['MAI', 'INDUS-m', 'INDUS-ms']"
NEP,"['INDUS', 'PKG']"
NER,"['AGRO', 'AGRI']"
NETBAY,"['MAI', 'TECH-m', 'TECH-ms']"
NEW,"['SERVICE', 'HELTH']"
NEWS,"['MAI', 'SERVICE-m', 'SERVICE-ms']"
NEX,"['TECH', 'ETRON', 'SET100']"
NFC,"['INDUS', 'PETRO']"
NINE,"['MAI', 'SERVICE-m', 'SERVICE-ms']"
NKI,"['FINCIAL', 'INSUR']"
NNCL,"['PROPCON', 'PROP']"
NOBLE,"['PROPCON', 'PROP']"
NOK,"['SERVICE', 'TRANS']"
NOVA,"['RESOURC', 'ENERG']"
NPK,"['MAI', 'CONSUMP-m', 'CONSUMP-ms']"
NRF,"['AGRO', 'FOOD']"
NSI,"['FINCIAL', 'INSUR']"
NSL,"['AGRO', 'FOOD']"
NTSC,"['MAI', 'AGRO-m', 'AGRO-ms']"
NTV,"['SERVICE', 'HELTH']"
NUSA,"['PROPCON', 'PROP']"
NV,"['CONSUMP', 'PERSON']"
NVD,"['PROPCON', 'PROP']"
NWR,"['PROPCON', 'CONS']"
NYT,"['SERVICE', 'TRANS']"
OCC,"['CONSUMP', 'PERSON']"
OGC,"['CONSUMP', 'HOME']"
OHTL,"['SERVICE', 'TOURISM']"
OISHI,"['AGRO', 'FOOD']"
ONEE,"['SERVICE', 'MEDIA', 'SET100']"
OR,"['RESOURC', 'ENERG', 'SET50', 'SET100']"
ORI,"['PROPCON', 'PROP', 'SET100', 'SETHD']"
OSP,"['AGRO', 'FOOD', 'SET50', 'SET100', 'SETHD']"
OTO,"['MAI', 'SERVICE-m', 'SERVICE-ms']"
PACE,"['PROPCON', 'PROP']"
PACO,"['MAI', 'INDUS-m', 'INDUS-ms']"
PAF,"['CONSUMP', 'FASHION']"
PAP,"['INDUS', 'STEEL']"
PATO,"['INDUS', 'PETRO']"
PB,"['AGRO', 'FOOD']"
PCC,"['RESOURC', 'ENERG']"
PCSGH,"['INDUS', 'AUTO']"
PDG,"['MAI', 'INDUS-m', 'INDUS-ms']"
PDJ,"['CONSUMP', 'FASHION']"
PEACE,"['PROPCON', 'PROP']"
PERM,"['INDUS', 'STEEL']"
PF,"['PROPCON', 'PROP']"
PG,"['CONSUMP', 'FASHION']"
PHOL,"['MAI', 'SERVICE-m', 'SERVICE-ms']"
PICO,"['MAI', 'SERVICE-m', 'SERVICE-ms']"
PIMO,"['MAI', 'INDUS-m', 'INDUS-ms']"
PIN,"['PROPCON', 'PROP']"
PJW,"['INDUS', 'PKG']"
PK,"['INDUS', 'IMM']"
PL,"['FINCIAL', 'FIN']"
PLANB,"['SERVICE', 'MEDIA', 'SET100']"
PLANET,"['MAI', 'TECH-m', 'TECH-ms']"
PLAT,"['PROPCON', 'PROP']"
PLE,"['PROPCON', 'CONS']"
PLUS,"['AGRO', 'FOOD']"
PM,"['AGRO', 'FOOD']"
PMTA,"['INDUS', 'PETRO']"
POLAR,"['PROPCON', 'PROP']"
POLY,"['INDUS', 'AUTO']"
PORT,"['SERVICE', 'TRANS']"
POST,"['SERVICE', 'MEDIA']"
PPM,"['MAI', 'INDUS-m', 'INDUS-ms']"
PPP,"['PROPCON', 'CONMAT']"
PPPM,"['AGRO', 'AGRI']"
PPS,"['MAI', 'PROPCON-m', 'PROPCON-ms']"
PQS,"['AGRO', 'FOOD']"
PR9,"['SERVICE', 'HELTH']"
PRAKIT,"['SERVICE', 'MEDIA']"
PRAPAT,"['MAI', 'INDUS-m', 'INDUS-ms']"
PREB,"['PROPCON', 'CONS']"
PRECHA,"['PROPCON', 'PROP']"
PRG,"['AGRO', 'FOOD']"
PRI,"['MAI', 'PROPCON-m', 'PROPCON-ms']"
PRIME,"['RESOURC', 'ENERG']"
PRIN,"['PROPCON', 'PROP']"
PRINC,"['SERVICE', 'HELTH']"
PRM,"['SERVICE', 'TRANS']"
PRO,"['SERVICE', 'PROF']"
PROEN,"['MAI', 'TECH-m', 'TECH-ms']"
PROS,"['MAI', 'PROPCON-m', 'PROPCON-ms']"
PROUD,"['MAI', 'PROPCON-m', 'PROPCON-ms']"
PRTR,"['SERVICE', 'PROF']"
PSG,"['MAI', 'PROPCON-m', 'PROPCON-ms']"
PSH,"['PROPCON', 'PROP']"
PSL,"['SERVICE', 'TRANS', 'SET100']"
PSTC,"['MAI', 'RESOURC-m', 'RESOURC-ms']"
PT,"['TECH', 'ICT']"
PTC,"['MAI', 'RESOURC-m', 'RESOURC-ms']"
PTECH,"['SERVICE', 'MEDIA']"
PTG,"['RESOURC', 'ENERG', 'SET100']"
PTL,"['INDUS', 'PKG']"
PTT,"['RESOURC', 'ENERG', 'SET50', 'SET100', 'SETHD']"
PTTEP,"['RESOURC', 'ENERG', 'SET50', 'SET100', 'SETHD']"
PTTGC,"['INDUS', 'PETRO', 'SET50', 'SET100']"
PYLON,"['PROPCON', 'CONS']"
CON,"['PROPCON', 'CONMAT']"
QH,"['PROPCON', 'PROP', 'SET100', 'SETHD']"
QLT,"['MAI', 'SERVICE-m', 'SERVICE-ms']"
QTC,"['RESOURC', 'ENERG']"
RABBIT,"['PROPCON', 'PROP']"
RAM,"['SERVICE', 'HELTH']"
RATCH,"['RESOURC', 'ENERG', 'SET50', 'SET100', 'SETHD']"
RBF,"['AGRO', 'FOOD', 'SET100']"
RCL,"['SERVICE', 'TRANS', 'SET100']"
READY,"['MAI', 'TECH-m', 'TECH-ms']"
RICHY,"['PROPCON', 'PROP']"
RJH,"['SERVICE', 'HELTH']"
RML,"['PROPCON', 'PROP']"
ROCK,"['CONSUMP', 'HOME']"
ROH,"['SERVICE', 'TOURISM']"
ROJNA,"['PROPCON', 'PROP']"
RP,"['MAI', 'SERVICE-m', 'SERVICE-ms']"
RPC,"['RESOURC', 'ENERG']"
RPH,"['SERVICE', 'HELTH']"
RS,"['SERVICE', 'COMM']"
RSP,"['SERVICE', 'COMM']"
RT,"['PROPCON', 'CONS']"
RWI,"['MAI', 'INDUS-m', 'INDUS-ms']"
S,"['PROPCON', 'PROP']"
J,"['CONSUMP', 'PERSON']"
S11,"['FINCIAL', 'FIN']"
SA,"['PROPCON', 'PROP']"
SAAM,"['MAI', 'RESOURC-m', 'RESOURC-ms']"
SABINA,"['CONSUMP', 'FASHION']"
SABUY,"['SERVICE', 'COMM', 'SET100']"
SAF,"['MAI', 'INDUS-m', 'INDUS-ms']"
SAK,"['FINCIAL', 'FIN']"
SALEE,"['MAI', 'INDUS-m', 'INDUS-ms']"
SAM,"['INDUS', 'STEEL']"
SAMART,"['TECH', 'ICT']"
SAMCO,"['PROPCON', 'PROP']"
SAMTEL,"['TECH', 'ICT']"
SANKO,"['MAI', 'INDUS-m', 'INDUS-ms']"
SAPPE,"['AGRO', 'FOOD']"
SAT,"['INDUS', 'AUTO']"
SAUCE,"['AGRO', 'FOOD']"
SAWAD,"['FINCIAL', 'FIN', 'SET50', 'SET100', 'SETHD']"
SAWANG,"['CONSUMP', 'FASHION']"
SC,"['PROPCON', 'PROP']"
SCAP,"['FINCIAL', 'FIN']"
SCB,"['FINCIAL', 'BANK', 'SET50', 'SET100']"
SCC,"['PROPCON', 'CONMAT', 'SET50', 'SET100', 'SETHD']"
SCCC,"['PROPCON', 'CONMAT']"
SCG,"['RESOURC', 'ENERG']"
SCGP,"['INDUS', 'PKG', 'SET50', 'SET100']"
SCI,"['RESOURC', 'ENERG']"
SCM,"['SERVICE', 'COMM']"
SCN,"['RESOURC', 'ENERG']"
SCP,"['PROPCON', 'CONMAT']"
SDC,"['TECH', 'ICT']"
SE,"['MAI', 'SERVICE-m', 'SERVICE-ms']"
ED,"['SERVICE', 'MEDIA']"
SEAFCO,"['PROPCON', 'CONS']"
SEAOIL,"['MAI', 'RESOURC-m', 'RESOURC-ms']"
SECURE,"['MAI', 'TECH-m', 'TECH-ms']"
SELIC,"['MAI', 'INDUS-m', 'INDUS-ms']"
SENA,"['PROPCON', 'PROP']"
SENAJ,"['MAI', 'PROPCON-m', 'PROPCON-ms']"
SFLEX,"['INDUS', 'PKG']"
SFP,"['AGRO', 'FOOD']"
SFT,"['MAI', 'INDUS-m', 'INDUS-ms']"
SGC,"['FINCIAL', 'FIN']"
SGF,"['MAI', 'FINCIAL-m', 'FINCIAL-ms']"
SGP,"['RESOURC', 'ENERG']"
SHANG,"['SERVICE', 'TOURISM']"
SHR,"['SERVICE', 'TOURISM']"
SIAM,"['CONSUMP', 'HOME']"
SICT,"['MAI', 'TECH-m', 'TECH-ms']"
SIMAT,"['MAI', 'TECH-m', 'TECH-ms']"
SINGER,"['SERVICE', 'COMM', 'SET100']"
SIRI,"['PROPCON', 'PROP']"
SIS,"['TECH', 'ICT']"
SISB,"['SERVICE', 'PROF']"
SITHAI,"['INDUS', 'PKG']"
SJWD,"['SERVICE', 'TRANS', 'SET100']"
SK,"['MAI', 'PROPCON-m', 'PROPCON-ms']"
SKE,"['RESOURC', 'ENERG']"
SKN,"['PROPCON', 'CONMAT']"
SKR,"['SERVICE', 'HELTH']"
SKY,"['TECH', 'ICT']"
SLM,"['MAI', 'SERVICE-m', 'SERVICE-ms']"
SLP,"['INDUS', 'PKG']"
SM,"['FINCIAL', 'FIN']"
SMART,"['MAI', 'PROPCON-m', 'PROPCON-ms']"
SMD,"['MAI', 'CONSUMP-m', 'CONSUMP-ms']"
SMIT,"['INDUS', 'STEEL']"
SMK,"['FINCIAL', 'INSUR']"
SMPC,"['INDUS', 'PKG']"
SMT,"['TECH', 'ETRON']"
SNC,"['INDUS', 'IMM']"
SNNP,"['AGRO', 'FOOD']"
SNP,"['AGRO', 'FOOD']"
SO,"['SERVICE', 'PROF']"
SOLAR,"['RESOURC', 'ENERG']"
SONIC,"['MAI', 'SERVICE-m', 'SERVICE-ms']"
SORKON,"['AGRO', 'FOOD']"
SPA,"['MAI', 'SERVICE-m', 'SERVICE-ms']"
SPACK,"['INDUS', 'PKG']"
SPALI,"['PROPCON', 'PROP', 'SET100', 'SETHD']"
SPC,"['SERVICE', 'COMM']"
SPCG,"['RESOURC', 'ENERG']"
SPG,"['INDUS', 'AUTO']"
SPI,"['SERVICE', 'COMM']"
SPRC,"['RESOURC', 'ENERG', 'SET100']"
SPVI,"['MAI', 'TECH-m', 'TECH-ms']"
SQ,"['PROPCON', 'CONS']"
SR,"['MAI', 'RESOURC-m', 'RESOURC-ms']"
SRICHA,"['PROPCON', 'CONS']"
SSC,"['AGRO', 'FOOD']"
SSF,"['AGRO', 'FOOD']"
SSP,"['RESOURC', 'ENERG']"
SSS,"['MAI', 'PROPCON-m', 'PROPCON-ms']"
SSSC,"['INDUS', 'STEEL']"
SST,"['AGRO', 'FOOD']"
STA,"['AGRO', 'AGRI', 'SET100']"
STANLY,"['INDUS', 'AUTO']"
STARK,"['INDUS', 'IMM', 'SET100']"
STC,"['MAI', 'PROPCON-m', 'PROPCON-ms']"
STEC,"['PROPCON', 'CONS']"
STECH,"['PROPCON', 'CONMAT']"
STGT,"['CONSUMP', 'PERSON', 'SET100']"
STHAI,"['CONSUMP', 'PERSON']"
STI,"['PROPCON', 'CONS']"
STOWER,"['MAI', 'RESOURC-m', 'RESOURC-ms']"
STP,"['MAI', 'INDUS-m', 'INDUS-ms']"
STPI,"['PROPCON', 'CONS']"
SUC,"['CONSUMP', 'FASHION']"
SUN,"['AGRO', 'FOOD']"
SUPER,"['RESOURC', 'ENERG']"
SUSCO,"['RESOURC', 'ENERG']"
SUTHA,"['INDUS', 'PETRO']"
SVI,"['TECH', 'ETRON']"
SVOA,"['TECH', 'ICT']"
SVR,"['MAI', 'PROPCON-m', 'PROPCON-ms']"
SVT,"['SERVICE', 'COMM']"
SWC,"['MAI', 'INDUS-m', 'INDUS-ms']"
SYMC,"['TECH', 'ICT']"
SYNEX,"['TECH', 'ICT']"
SYNTEC,"['PROPCON', 'CONS']"
TACC,"['MAI', 'AGRO-m', 'AGRO-ms']"
TAE,"['RESOURC', 'ENERG']"
TAKUNI,"['MAI', 'RESOURC-m', 'RESOURC-ms']"
TAPAC,"['MAI', 'PROPCON-m', 'PROPCON-ms']"
TASCO,"['PROPCON', 'CONMAT']"
TC,"['AGRO', 'FOOD']"
TCAP,"['FINCIAL', 'BANK', 'SET100', 'SETHD']"
TCC,"['RESOURC', 'ENERG']"
TCCC,"['INDUS', 'PETRO']"
TCJ,"['INDUS', 'IMM']"
TCMC,"['CONSUMP', 'HOME']"
TCOAT,"['INDUS', 'PKG']"
TEAM,"['TECH', 'ETRON']"
TEAMG,"['PROPCON', 'CONS']"
TEGH,"['AGRO', 'AGRI']"
TEKA,"['PROPCON', 'CONS']"
TFG,"['AGRO', 'FOOD']"
TFI,"['INDUS', 'PKG']"
TFM,"['AGRO', 'AGRI']"
TFMAMA,"['AGRO', 'FOOD']"
TGE,"['RESOURC', 'ENERG']"
TGH,"['FINCIAL', 'INSUR']"
TGPRO,"['INDUS', 'STEEL']"
TH,"['FINCIAL', 'FIN']"
THAI,"['SERVICE', 'TRANS']"
THANA,"['MAI', 'PROPCON-m', 'PROPCON-ms']"
THANI,"['FINCIAL', 'FIN', 'SET100', 'SETHD']"
THCOM,"['TECH', 'ICT']"
THE,"['INDUS', 'STEEL']"
THG,"['SERVICE', 'HELTH', 'SET100']"
THIP,"['INDUS', 'PKG']"
THL,"['RESOURC', 'MINE']"
THMUI,"['MAI', 'SERVICE-m', 'SERVICE-ms']"
THRE,"['FINCIAL', 'INSUR']"
THREL,"['FINCIAL', 'INSUR']"
TIDLOR,"['FINCIAL', 'FIN', 'SET50', 'SET100']"
TIGER,"['MAI', 'PROPCON-m', 'PROPCON-ms']"
TIPCO,"['AGRO', 'FOOD']"
TIPH,"['FINCIAL', 'INSUR', 'SET100']"
TISCO,"['FINCIAL', 'BANK', 'SET50', 'SET100', 'SETHD']"
TITLE,"['MAI', 'PROPCON-m', 'PROPCON-ms']"
TK,"['FINCIAL', 'FIN']"
TKC,"['TECH', 'ICT']"
TKN,"['AGRO', 'FOOD']"
TKS,"['SERVICE', 'MEDIA']"
TKT,"['INDUS', 'AUTO']"
TLI,"['FINCIAL', 'INSUR']"
TM,"['MAI', 'CONSUMP-m', 'CONSUMP-ms']"
TMC,"['MAI', 'INDUS-m', 'INDUS-ms']"
TMD,"['INDUS', 'PKG']"
TMI,"['MAI', 'INDUS-m', 'INDUS-ms']"
TMILL,"['MAI', 'AGRO-m', 'AGRO-ms']"
TMT,"['INDUS', 'STEEL']"
TMW,"['MAI', 'INDUS-m', 'INDUS-ms']"
TNDT,"['MAI', 'SERVICE-m', 'SERVICE-ms']"
TNH,"['MAI', 'SERVICE-m', 'SERVICE-ms']"
TNITY,"['FINCIAL', 'FIN']"
TNL,"['CONSUMP', 'FASHION']"
TNP,"['MAI', 'SERVICE-m', 'SERVICE-ms']"
TNPC,"['INDUS', 'AUTO']"
TNR,"['CONSUMP', 'PERSON']"
TOA,"['PROPCON', 'CONMAT']"
TOG,"['CONSUMP', 'PERSON']"
TOP,"['RESOURC', 'ENERG', 'SET50', 'SET100']"
TOPP,"['INDUS', 'PKG']"
TPA,"['INDUS', 'PETRO']"
TPAC,"['INDUS', 'PKG']"
TPBI,"['INDUS', 'PKG']"
TPCH,"['MAI', 'RESOURC-m', 'RESOURC-ms']"
TPCS,"['INDUS', 'IMM']"
TPIPL,"['PROPCON', 'CONMAT']"
TPIPP,"['RESOURC', 'ENERG']"
TPLAS,"['MAI', 'INDUS-m', 'INDUS-ms']"
TPOLY,"['PROPCON', 'CONS']"
TPP,"['INDUS', 'PKG']"
TPS,"['MAI', 'TECH-m', 'TECH-ms']"
TQM,"['FINCIAL', 'INSUR', 'SET100']"
TQR,"['MAI', 'FINCIAL-m', 'FINCIAL-ms']"
TR,"['CONSUMP', 'FASHION']"
TRC,"['PROPCON', 'CONS']"
TRITN,"['PROPCON', 'CONS']"
TRT,"['MAI', 'RESOURC-m', 'RESOURC-ms']"
TRU,"['INDUS', 'AUTO']"
TRUBB,"['AGRO', 'AGRI']"
TRUE,"['TECH', 'ICT', 'SET50', 'SET100']"
TRV,"['MAI', 'INDUS-m', 'INDUS-ms']"
TSC,"['INDUS', 'AUTO']"
TSE,"['RESOURC', 'ENERG']"
TSF,"['MAI', 'SERVICE-m', 'SERVICE-ms']"
TSI,"['FINCIAL', 'INSUR']"
TSR,"['CONSUMP', 'HOME']"
TSTE,"['SERVICE', 'TRANS']"
TSTH,"['INDUS', 'STEEL']"
TTA,"['SERVICE', 'TRANS']"
TTB,"['FINCIAL', 'BANK', 'SET50', 'SET100', 'SETHD']"
TTCL,"['PROPCON', 'CONS']"
TTI,"['CONSUMP', 'FASHION']"
TTT,"['CONSUMP', 'FASHION']"
TTW,"['RESOURC', 'ENERG']"
TU,"['AGRO', 'FOOD', 'SET50', 'SET100', 'SETHD']"
TVDH,"['MAI', 'SERVICE-m', 'SERVICE-ms']"
TVI,"['FINCIAL', 'INSUR']"
TVO,"['AGRO', 'FOOD']"
TVT,"['MAI', 'SERVICE-m', 'SERVICE-ms']"
TWP,"['INDUS', 'STEEL']"
TWPC,"['AGRO', 'AGRI']"
TWZ,"['TECH', 'ICT']"
TYCN,"['INDUS', 'STEEL']"
UAC,"['INDUS', 'PETRO']"
UBA,"['MAI', 'SERVICE-m', 'SERVICE-ms']"
UBE,"['RESOURC', 'ENERG']"
UBIS,"['MAI', 'INDUS-m', 'INDUS-ms']"
UEC,"['MAI', 'INDUS-m', 'INDUS-ms']"
UKEM,"['MAI', 'INDUS-m', 'INDUS-ms']"
UMI,"['PROPCON', 'CONMAT']"
UMS,"['MAI', 'RESOURC-m', 'RESOURC-ms']"
UNIQ,"['PROPCON', 'CONS']"
UOBKH,"['FINCIAL', 'FIN']"
UP,"['INDUS', 'PETRO']"
UPF,"['CONSUMP', 'FASHION']"
UPOIC,"['AGRO', 'AGRI']"
UREKA,"['MAI', 'INDUS-m', 'INDUS-ms']"
UTP,"['INDUS', 'PAPER']"
UV,"['PROPCON', 'PROP']"
UVAN,"['AGRO', 'AGRI']"
VARO,"['INDUS', 'IMM']"
VCOM,"['MAI', 'TECH-m', 'TECH-ms']"
VGI,"['SERVICE', 'MEDIA', 'SET100']"
VIBHA,"['SERVICE', 'HELTH']"
VIH,"['SERVICE', 'HELTH']"
VL,"['MAI', 'SERVICE-m', 'SERVICE-ms']"
VNG,"['PROPCON', 'CONMAT']"
VPO,"['AGRO', 'AGRI']"
VRANDA,"['SERVICE', 'TOURISM']"
W,"['AGRO', 'FOOD']"
WACOAL,"['CONSUMP', 'FASHION']"
WARRIX,"['MAI', 'CONSUMP-m', 'CONSUMP-ms']"
WAVE,"['SERVICE', 'MEDIA']"
WFX,"['CONSUMP', 'FASHION']"
WGE,"['PROPCON', 'CONS']"
WHA,"['PROPCON', 'PROP', 'SET100', 'SETHD']"
WHAUP,"['RESOURC', 'ENERG']"
WICE,"['SERVICE', 'TRANS']"
WIIK,"['PROPCON', 'CONMAT']"
WIN,"['PROPCON', 'PROP']"
WINMED,"['MAI', 'CONSUMP-m', 'CONSUMP-ms']"
WINNER,"['MAI', 'SERVICE-m', 'SERVICE-ms']"
WORK,"['SERVICE', 'MEDIA']"
WP,"['RESOURC', 'ENERG']"
WPH,"['SERVICE', 'HELTH']"
XO,"['MAI', 'AGRO-m', 'AGRO-ms']"
XPG,"['FINCIAL', 'FIN']"
YGG,"['MAI', 'SERVICE-m', 'SERVICE-ms']"
YONG,"['MAI', 'PROPCON-m', 'PROPCON-ms']"
YUASA,"['MAI', 'INDUS-m', 'INDUS-ms']"
ZEN,"['AGRO', 'FOOD']"
ZIGA,"['MAI', 'INDUS-m', 'INDUS-ms']"
